[
    {
        "product_name": "banana",
        "price": "20",
        "stock_quantity": "11"
    },
    {
        "product_name": "frog",
        "price": "44",
        "stock_quantity": "10"
    },
    {
        "product_name": "peach",
        "price": "100",
        "stock_quantity": "34"
    },
    {
        "product_name": "peach",
        "price": "100",
        "stock_quantity": "34"
    },
    {
        "product_name": "banana",
        "price": "33",
        "stock_quantity": "0"
    }
]